{"DecisionTree": {"accuracy": 0.8679166666666667, "f1": 0.783617747440273, "roc_auc": 0.8787560782844954}, "RandomForest": {"accuracy": 0.9258333333333333, "f1": 0.8792401628222524, "roc_auc": 0.9665757833528008}, "AdaBoost": {"accuracy": 0.8408333333333333, "f1": 0.7336122733612274, "roc_auc": 0.9018087260677466}}